#{"t_start": 1789795640.4167995, "env_id": "Ant-v5"}
r,l,t
903.814354,1000,19.963366
908.870399,1000,20.77342
902.273673,1000,21.574486
875.544797,1000,22.406125
882.279484,1000,23.214328
872.586962,1000,40.85691
846.242885,1000,41.637581
895.040179,1000,42.46654
846.73931,1000,43.263287
861.83981,1000,44.044515
74.117337,130,60.717127
660.283998,1000,61.508816
693.373804,1000,62.305611
383.117273,453,62.655714
691.781572,1000,63.471663
12.751048,13,79.953236
187.727828,196,80.098058
275.754204,438,80.466671
644.215617,1000,81.282207
118.211973,134,81.394175
8.204513,18,98.180347
95.161465,87,98.249165
124.499034,112,98.339665
26.452745,19,98.356619
10.112259,11,98.364598
9
-14.292029,11,6.876453
-19.982411,21,6.900391
-183.231139,128,7.049993
-24.073326,13,7.063954
-133.804403,134,7.201891
-67.588831,63,7.268715
-98.530838,123,7.392833
-18.305819,22,7.414774
-33.997821,18,7.438744
-12.195774,22,7.461709
-120.693506,157,7.639048
-72.05638,41,7.687919
-22.31774,12,7.701884
-45.928002,40,7.743938
-2.195779,58,7.806774
-23.369378,19,7.826718
-18.832223,20,7.849659
0.002539,16,7.86761
-83.6081,90,7.963029
-21.315391,36,7.998924
-1002.558359,1000,10.577112
-57.754872,40,10.626072
-20.413351,19,10.650006
-16.959412,30,10.68591
-32.484259,19,10.713836
-1074.512853,1000,11.768442
-12.737721,12,11.788021
-471.711789,389,12.181375
-31.65136,28,12.209301
-133.227838,74,12.281106
-37.845666,27,12.307037
-1045.25648,1000,14.550625
-19.419164,13,14.566555
-30.06186,22,14.588496
-26.86308,104,14.701812
-24.214515,19,14.719763
-957.189804,951,15.716185
-14.63613,13,15.72815
-13.546665,12,15.743083
-1000.738016,1000,18.019301
-91.798744,66,18.094692
-31.150376,42,18.137245
-18.882403,14,18.153175
-131.028809,107,18.260633
-127.521104,114,18.375835
-92.759279,62,18.438715
-140.753146,118,18.568372
-60.863527,84,18.65512
-31.72689,34,18.691023
-41.472348,47,18.738899
-267.708705,199,18.946716
-20.275513,71,19.016528
-94.530236,114,19.13257
-45.929025,30,23.320526
-46.134908,56,23.376379
-27.985749,22,23.402309
-1099.079544,1000,25.720593
-25.476485,22,25.742536
-59.831217,78,25.829301
-62.391092,36,25.864209
-11.365388,15,25.885153
-65.791502,36,25.927041
-78.798873,93,26.025837
-79.505933,134,26.175092
-20.209149,51,26.224985
-51.486857,65,26.290782
-14.579934,15,26.308732
-1017.215302,1000,28.511992
-75.684539,70,28.582597
-10.84766,19,28.600577
-32.429602,68,28.667246
-30.149325,64,28.739053
-51.493452,41,28.783905
-97.110777,60,28.851837
-48.733608,32,28.883163
-42.938926,22,28.914053
-48.8468,36,28.950953
-40.025111,31,28.980933
-58.411726,76,29.065706
-11.725687,22,29.086651
-95.365181,51,29.136216
-119.164769,131,29.270856
-50.169288,49,29.324685
-28.826642,20,29.345628
-37.024097,54,29.400542
-91.872579,43,29.451376
-171.216464,127,29.580849
-17.359567,29,29.610753
-90.154514,87,29.707086
-24.807601,46,29.752948
-23.533516,14,29.766938
-20.919874,35,29.801844
-69.128964,36,29.84869
-37.467609,26,29.874653
-45.684725,37,29.912553
-91.153612,63,29.977386
-928.20723,1000,32.328605
-1021.969804,1000,33.363513
-105.275575,132,33.503612
-221.282806,116,33.619598
-1028.00308,1000,35.884682
-23.630752,26,35.914577
-23.531486,16,35.930533
-21.490591,34,35.971481
-72.524054,81,36.059246
-32.072774,26,36.094171
-20.67189,21,36.1201
-40.788779,28,36.150054
-155.219177,221,36.39302
-36.108705,26,36.420973
-35.039342,48,36.473803
-215.216807,224,36.703422
-26.430792,43,36.751268
-54.193699,36,36.788168
-35.202816,37,36.825851
-11.906117,21,36.84676
-101.867378,67,36.916603
-18.796242,15,36.931785
-83.306644,69,37.000602
-82.224452,60,37.06044
-27.114216,28,37.088363
-6.234341,59,38.398351
-38.242378,56,38.45919
-27.711499,29,38.488111
-42.457308,20,38.510052
-47.979599,37,38.552939
-28.252161,40,38.592831
-14.786219,14,38.607794
-66.453946,50,38.661103
-37.390277,64,38.725959
-80.121013,98,38.828787
-10.281756,22,38.852694
-10.40408,17,38.86965
-57.808588,61,38.934017
-11.650234,67,39.010812
-8.996008,17,39.029795
-76.036815,60,39.090627
-14.304367,19,39.109186
-24.873373,30,39.14435
-228.846589,185,39.340803
-107.488946,79,39.422486
-48.975637,28,39.451406
-51.500806,46,39.501281
-1008.751664,1000,45.810018
-37.113783,29,45.84293
-18.518602,19,45.873873
9.331573,50,45.940933
-109.992607,163,46.126606
-36.76057,22,46.148548
-13.793846,10,46.158522
-42.124892,62,46.220356
-9.126585,20,46.240305
-53.783963,82,46.321119
-88.331078,62,46.381986
-8.409944,9,46.390964
-56.403656,45,46.439805
-30.824576,27,46.466739
-28.688665,31,46.497656
-18.326764,25,46.522622
-16.809969,16,46.538573
-67.53283,81,46.625989
-150.127157,123,46.751093
-52.362927,66,46.817914
-27.72534,60,46.88091
-7.860289,15,46.895872
29.977517,45,46.941779
-37.283025,23,46.964718
-84.876327,70,47.040372
-34.386927,37,47.077273
-30.184459,29,47.105455
-94.3995,80,47.185306
-11.185485,58,47.247303
-84.893702,54,47.310179
-35.089207,34,47.346057
-45.277244,28,47.374009
-2.888467,23,47.396946
-33.034869,30,47.425869
-27.18619,23,47.448842
-9.380762,18,47.466792
-99.249633,49,47.514643
-12.349669,35,47.548551
-29.507406,50,47.603915
-86.316146,79,47.683044
-51.917314,36,47.717946
-24.002129,24,47.74281
-28.337891,22,47.764781
-46.426288,35,47.799685
-62.156679,29,47.833599
-27.535215,26,47.859557
1.114062,22,47.881469
-23.290526,49,47.930367
-65.530769,39,49.211347
-34.001068,53,49.269201
-13.056596,20,49.293136
-31.690281,67,49.365941
-47.192814,38,49.401844
-41.008539,87,49.485621
-990.018433,1000,50.53572
-13.472005,11,50.546688
-24.906713,36,50.587551
-189.472329,164,50.792011
-7.800663,28,50.820961
-31.358265,27,50.846923
-52.055037,30,50.881802
-24.170765,26,50.90776
-31.362009,17,50.923717
-13.449134,10,50.934661
-0.190309,12,50.946629
-25.755025,43,50.989541
-80.254195,69,51.06335
-49.702468,55,51.117847
-13.704966,18,51.135799
-11.551236,25,51.159708
-83.726331,58,51.22157
16.966522,22,51.245479
-21.912974,57,51.302327
2.721857,20,51.322273
-21.620014,41,52.544788
-12.444294,22,52.566728
-14.227891,17,52.58531
-79.736786,81,52.6732
-30.825682,35,52.708135
-112.049966,88,52.796119
-77.648958,85,52.891248
-44.886364,36,52.929146
-1.537016,14,52.950091
-1.553798,29,52.980015
-24.606325,13,52.993979
-61.397204,45,53.03786
-12.971272,14,53.05282
-966.811015,1000,54.128555
-62.126368,45,54.173435
-9.455689,14,54.187399
-110.748967,141,54.344975
-20.10162,28,54.372901
-943.601333,1000,56.665336
-13.287631,49,56.718194
-37.388005,29,56.7476
-63.462484,62,56.812453
-5.619474,9,56.822115
-101.203046,61,56.886312
-138.521391,129,57.019983
-54.331965,30,57.049167
-97.894624,91,57.141747
-81.618419,132,57.270517
-12.715582,15,57.284479
-40.402806,41,57.32936
-1047.248402,1000,59.564438
-33.12163,34,59.598346
-150.262684,144,59.740252
-73.360996,88,59.825289
-69.980988,37,59.862192
-71.418571,77,59.938301
-0.948708,14,59.954288
-41.163958,27,59.987172
-19.231448,27,60.013099
-3.464385,17,60.030083
-44.89056,29,60.058008
-45.884433,55,60.112539
-4.604348,28,60.141464
-21.749825,12,60.153458
-6.270454,14,60.167421
-19.170042,15,60.186371
-60.802836,61,60.254189
-63.019823,49,60.305057
-59.257292,58,60.366892
-4.731123,8,60.378859
-41.768627,36,60.414762
-111.558712,122,60.53448
-18.299841,22,60.556422
-47.423164,24,60.581355
-3.853106,31,60.611274
-16.304297,18,60.62934
-41.116997,22,63.513901
2.127931,16,63.529858
-53.148722,40,63.56975
8.18248,16,63.585736
-26.923016,30,63.621783
-183.885331,131,63.758901
-47.834512,56,63.819965
-14.266269,21,63.844643
-83.540705,52,63.906477
-17.231087,25,63.935146
-33.273821,38,63.974645
-69.274701,65,64.039429
-45.614786,24,64.062397
-63.497141,55,64.118585
-5.168827,28,64.146509
-3.09028,21,64.167455
-51.087369,45,64.214312
-143.192367,90,65.480923
-8.131874,8,65.490897
-5.007343,18,65.509845
-26.08049,16,65.528798
-568.14041,592,66.141321
-1.571806,11,66.153315
-17.083286,15,66.168275
-5.49406,8,66.176256
-21.690658,16,66.191214
-32.026722,99,66.299949
-24.036109,20,66.321888
-54.057384,92,66.411649
-36.737494,53,66.462545
-7.488631,17,66.478503
-17.355975,14,66.49346
-26.029861,31,66.525379
-11.413483,18,66.543361
-131.933178,138,66.689603
-1031.029326,1000,68.960318
-50.994889,74,69.036985
-69.926274,49,69.086835
-83.511508,68,69.153354
-41.731073,84,69.236135
-0.51719,23,69.26107
-16.450808,21,69.282013
-24.342498,21,69.302958
-62.796476,40,69.342877
-54.20467,49,69.391907
-90.764756,51,69.445764
-46.250446,52,69.495657
-33.564265,45,69.540515
-25.761081,30,69.570435
-61.700325,38,69.608338
-381.422469,314,69.934826
-49.334259,44,69.97874
-17.847613,34,70.016587
-30.217383,31,70.047476
-27.615568,18,70.065433
-127.368952,108,70.172717
-31.942902,21,70.192665
-43.337264,37,70.236114
-16.31227,36,70.274013
-69.27824,30,70.303964
-35.807943,30,70.342836
-60.780337,63,70.407659
-14.617012,14,70.421622
5.458411,49,70.470526
-151.915163,111,70.580229
-42.425238,44,70.62473
-14.366662,20,70.644702
-21.937953,19,70.667645
-10.488788,18,70.686564
-132.221808,115,70.8008
-40.896752,39,70.84166
-22.762471,13,70.854625
-54.222187,39,72.103491
-3.39677,13,72.117455
-48.060582,52,72.177798
-17.808706,11,72.190877
-14.285235,11,72.201848
-19.43127,17,72.218803
-106.474499,108,72.337004
-111.198823,58,72.397843
-19.125034,31,72.430753
-12.260079,27,72.45768
-47.53547,47,72.504556
-12.81196,15,72.519515
-135.548494,114,72.638883
-3.985018,12,72.650849
-63.126832,68,72.724626
-84.312894,100,72.823092
-1021.483286,1000,73.874126
-10.715178,40,73.912056
-19.99042,83,73.99728
-102.875154,63,74.058629
-995.100018,1000,76.299736
-46.527369,34,76.334642
-8.821706,18,76.351573
-967.480596,1000,77.44232
-128.162348,111,77.554087
-26.669287,27,77.581985
-18.377044,52,78.83941
-12.207146,16,78.859356
-60.773359,74,78.947146
-100.652831,98,79.046624
-38.036423,45,79.098485
-14.362831,26,79.125569
6.067426,18,79.143521
0.070565,16,79.159479
-21.263668,19,79.178428
-7.53196,15,79.194385
-104.449475,151,79.353991
-74.451878,69,79.426357
-80.497478,104,79.537062
-61.426191,34,79.569975
-47.569618,81,79.649797
-37.882553,57,79.71861
-54.337661,42,79.759558
-18.532078,64,79.830002
-1.6883,28,79.856903
-51.391962,87,79.941269
-0.285944,12,81.413645
-20.447696,24,81.439444
-53.236702,39,81.47834
-11.286793,23,81.501277
-914.458571,1000,83.763544
-7.450331,13,83.783492
-6.5461,17,83.808425
-20.338466,15,83.825378
-42.555717,23,83.848315
-15.985333,13,83.861284
-30.086246,20,83.881229
-6.597402,12,83.893198
-19.457079,26,83.918645
-34.248303,39,83.957536
-24.111395,13,83.971498
-29.180161,41,84.013349
-41.300433,57,84.0682
-47.416132,45,84.11289
-15.384075,14,84.125849
-31.8934,44,84.170105
-5.672628,18,84.187088
-26.185802,47,84.239946
-49.176181,23,84.26186
-8.187915,21,84.290789
-67.90529,72,84.365615
-51.427092,62,84.430415
-18.501032,21,84.455348
-10.996984,41,84.505214
-25.022593,28,84.537714
-3.74954,17,84.553672
-69.751113,49,84.605535
-53.99897,54,84.661516
-52.958017,36,84.696395
-8.793058,14,84.711354
-38.184945,27,84.748286
-16.199285,22,84.769879
-34.989503,30,84.798775
-35.559524,44,84.852628
-27.924367,69,84.919479
-15.249611,15,84.934409
-40.100303,26,84.958922
-95.590459,125,85.087626
-32.126182,31,85.117904
-45.846056,42,85.162782
-16.053758,13,85.185287
-22.728746,22,85.20779
-41.278388,36,85.243693
-6.514153,22,85.276639
-13.109214,28,85.307559
-147.436468,136,85.447188
-15.891209,17,85.467162
-60.499817,41,85.508086
-12.444148,30,85.537977
-87.956715,92,85.651968
-28.910139,23,85.679893
-1.023094,19,85.698816
-14.156078,14,85.712806
-17.638182,22,85.734752
-34.558718,46,85.77966
-87.82189,91,87.050647
-7.137579,12,87.062615
-81.452423,74,87.142586
-50.414977,71,87.215882
-90.745967,132,87.349037
-31.218022,49,87.39869
-14.36316,57,87.457039
-80.473396,44,87.513433
-56.56051,60,87.57627
-4.29022,13,87.59422
-70.747848,48,87.650787
-25.539749,15,87.665749
-24.098805,67,87.73257
-6.580284,9,87.742543
-87.110409,96,87.838529
-24.319248,28,87.866454
-32.174047,64,87.937078
-36.902463,22,87.959015
-10.711217,11,87.972844
-56.546266,36,88.007749
-35.41257,18,88.025702
-11.069474,60,88.084296
-17.880801,25,88.111449
-30.662212,17,88.13037
-74.01113,58,88.187716
-7.537919,24,88.21369
-52.710832,42,88.267828
4.893234,37,88.306598
-79.426242,83,88.404048
-34.009414,25,88.428982
-84.253076,54,88.483834
-23.225774,74,88.558633
-18.779094,19,88.578581
-26.75918,23,88.601548
-35.761906,88,88.696863
-91.977861,111,88.810822
-176.920606,236,89.065083
-84.749239,81,89.147556
17.52178,48,90.365584
-25.473092,50,90.420455
-23.111503,29,90.456359
-28.045038,35,90.495255
-69.361036,70,90.570038
-131.550927,135,90.754771
-18.301281,17,90.791674
-19.631478,40,90.848521
-4.864321,38,90.908361
-13.036694,26,90.947473
-21.881897,54,91.018285
-24.375676,37,91.062166
-63.37333,36,91.104478
-19.358228,56,91.172295
-89.025591,100,91.3064
-29.979944,64,91.387183
-12.977014,30,91.417104
-131.641648,79,91.493972
-13.063073,13,91.505923
-54.664768,39,91.545818
-198.746916,130,91.677592
-39.256403,64,91.745478
-32.45923,57,91.803316
-51.669138,69,91.872679
-12.455008,27,91.898609
-769.811202,794,93.970554
-84.725195,64,94.047538
-1.616356,14,94.063493
-13.846996,19,94.082444
-67.347189,52,94.132424
-3.479508,11,94.143401
-56.255892,59,94.200799
-37.34175,45,94.245668
-20.480848,23,94.268641
-70.301117,46,94.313522
-5.451614,14,94.327487
-10.922838,27,94.353418
-99.320498,89,94.444145
-73.325879,153,94.596798
-36.529692,63,94.65783
-51.178155,143,94.806083
-14.191164,14,94.820068
-84.67224,126,94.949723
-21.736184,11,94.964681
-70.569117,60,95.028483
-20.237563,30,95.05843
-84.326176,57,95.115387
-31.804754,28,95.14431
-32.200908,21,95.165283
-26.920243,37,95.202187
-70.372986,52,95.258725
-62.721785,80,95.346518
18.661382,37,95.384389
-10.761711,15,95.400347
-68.4766,62,95.475737
-104.59722,61,95.547575
-28.481041,29,95.576468
0.358856,23,95.599407
-11.938702,11,95.610405
-9.242955,15,95.625547
-976.090462,1000,97.928366
-33.315015,45,97.977262
-10.235536,29,98.007156
-25.659323,16,98.023113
-23.737389,12,98.041064
-22.701221,16,98.063007
-43.55054,40,98.104558
-63.009863,43,98.14944
-67.749158,43,98.403171
-29.957473,19,98.423119
-7.325133,18,98.442068
-32.939327,18,98.461016
-40.240691,58,98.542799
-55.531811,59,98.618815
-11.334075,11,98.631404
-17.114113,32,98.664314
-56.489167,47,98.718169
-53.314856,38,98.770696
-3.980104,25,98.808594
-47.907092,46,98.862449
-73.100497,43,98.907358
-20.541573,39,98.946284
-57.465016,56,99.009116
-18.376737,39,99.051111
-160.513038,165,99.229348
-23.854696,48,99.276221
-31.465888,25,99.302158
-21.079533,11,99.313128
-14.012449,24,99.337125
-31.600322,39,99.383003
-34.102544,17,99.399987
-16.09284,36,99.435889
-13.924865,11,99.446859
-89.986858,118,99.561624
-71.487195,49,99.625592
-49.203728,51,99.674998
