#{"t_start": 1789798998.3340058, "env_id": "Hopper-v5"}
r,l,t
130.613744,69,15.178242
130.098085,69,15.216141
132.272847,70,15.255096
130.425031,69,15.292997
130.595008,69,15.330924
212.310175,95,28.547087
212.371275,95,28.600985
212.361233,95,28.653869
212.737085,95,28.707849
212.322926,95,28.758719
265.071428,113,41.872091
265.498283,113,41.933925
264.562352,113,41.995763
266.714347,114,42.056597
264.610112,113,42.117434
332.727672,134,55.150436
332.743264,134,55.226374
332.865236,134,55.300653
330.552522,133,55.371464
332.706846,134,55.444275
395.256294,153,68.57447
392.720643,152,68.656409
392.421572,152,68.737869
392.21016,152,68.818649
392.626992,152,68.899438

8.905147,15,3.578168
22.622334,31,3.603102
17.632227,19,3.618061
9.573089,17,3.631026
47.037821,35,3.658951
5.745396,30,3.683857
9.128981,13,3.693479
6.288518,16,3.706444
10.772112,18,3.720409
7.144441,14,3.731377
63.707476,52,3.771274
24.653882,27,3.792217
23.156245,23,3.810678
6.586485,10,3.81867
6.340817,20,3.834621
14.526952,21,3.851577
6.387214,13,3.863554
5.969149,9,3.871521
13.74328,18,3.886481
11.414304,27,3.90845
6.870719,25,3.929428
99.731913,59,3.974305
19.857334,35,4.001796
7.380489,11,4.01077
13.843979,18,4.024705
8.731541,30,4.050636
7.802223,32,4.080555
9.401742,14,4.092524
9.895818,17,4.105489
14.610751,17,4.120449
12.026709,25,4.140395
3.347347,10,4.149372
11.245682,15,4.160342
20.917067,24,4.179894
7.37112,14,4.190865
11.631781,26,4.212833
6.912994,10,4.220785
5.112027,13,4.230757
6.656549,12,4.24076
6.501359,11,4.249735
16.338106,22,4.266661
13.275168,18,4.280324
6.242,12,4.290313
3.618502,9,4.297267
15.038653,24,4.315246
14.326304,21,4.332204
4.770309,18,4.346164
9.310948,12,4.35614
14.605483,21,4.372097
7.619225,17,4.38606
9.295695,13,4.396061
10.822559,23,4.413986
8.627024,13,4.423959
26.401765,25,4.442908
11.398906,13,4.455873
8.358344,13,4.46784
43.40611,32,4.492774
9.756509,12,4.50175
13.242026,21,4.517707
13.286336,22,4.53566
12.442234,37,4.564582
18.393205,32,4.589544
7.058458,13,4.599518
5.644982,12,4.608492
6.65887,10,4.616472
28.339397,30,4.640408
7.135668,13,4.650381
3.959022,9,4.657523
6.193031,13,4.667528
5.052245,9,4.674509
6.88505,13,4.683486
4.474211,8,4.689469
16.347288,26,4.70997
7.356919,11,4.717951
11.848801,14,4.727921
5.731132,9,4.734903
7.942811,13,4.744878
19.067275,23,5.827442
6.740881,11,5.836447
9.92414,17,5.85038
15.636924,18,5.869358
5.383582,9,5.879302
30.575878,28,5.901245
26.83988,31,5.9282
80.852493,70,5.985049
15.858917,29,6.008956
15.362455,32,6.034891
8.615027,14,6.045857
15.137914,23,6.063838
9.41876,18,6.0778
37.430657,41,6.11006
25.545525,40,6.140977
24.503416,23,6.158929
39.120017,49,6.196943
20.402516,24,6.215863
28.772696,26,6.236836
35.788048,36,6.263792
14.784877,16,6.276757
99.779895,101,6.35455
7.046164,13,6.364527
12.805383,19,6.380484
58.432018,40,6.411431
13.750613,17,6.42437
7.357554,11,6.432373
8.225894,18,6.446307
16.109672,16,6.458275
12.488437,18,6.473264
18.997382,20,6.491246
8.797167,18,6.505182
22.338303,32,6.531112
10.851466,15,6.543108
44.116544,37,6.572002
5.831284,18,6.586963
56.761598,43,6.6209
11.359146,15,6.63285
55.470953,40,6.664787
14.497285,15,6.676755
10.990349,14,6.686728
34.575427,43,6.72028
13.365335,20,6.73524
14.418215,18,6.748208
6.052791,11,6.756789
13.910917,16,6.76978
9.59221,16,6.781748
8.549354,14,6.792691
6.517667,14,6.803662
7.1381,13,6.813656
7.228912,11,6.821614
13.819644,16,6.834579
9.517026,18,6.848953
13.367256,18,6.863913
14.838941,24,6.889844
6.427503,10,6.896825
12.258515,29,6.920761
72.241355,61,6.971652
12.667986,16,6.984617
12.976067,18,6.999577
26.891817,24,7.018498
14.042423,26,7.050414
8.012491,11,7.062381
18.025878,23,7.081359
25.304106,39,7.116237
9.387142,12,7.128205
10.988344,15,7.141205
33.815213,35,7.171768
6.668672,10,7.17926
27.112958,26,7.2012
7.024913,11,7.209207
4.090891,9,7.217158
39.064052,60,7.266054
4.882343,8,7.273038
12.334063,19,7.286972
18.836589,22,7.304923
102.958761,66,7.36177
9.165552,18,7.375733
8.65079,13,7.388698
12.717817,33,7.41466
6.596082,22,7.431612
5.990733,10,7.43959
29.870091,27,7.460533
19.517613,20,7.475494
10.41993,28,8.519603
54.236647,39,8.555508
33.576698,29,8.579444
5.869096,11,8.588419
22.224201,23,8.610365
9.240513,19,8.625325
20.861134,21,8.642279
71.084942,43,8.67719
62.374179,56,8.726636
10.171076,21,8.742592
125.474685,74,8.799468
10.219133,36,8.827394
19.77704,25,8.846342
37.179238,49,8.884614
7.386698,10,8.891597
45.553502,35,8.919525
9.023099,12,8.928497
142.594378,77,8.987371
10.577755,18,9.001364
19.338727,35,9.028291
15.548744,20,9.043251
21.856572,22,9.060206
106.964792,59,9.105085
13.312263,23,9.123037
79.25036,61,9.175898
28.817614,27,9.197412
162.402715,85,9.263236
11.269009,21,9.2788
30.671097,28,9.300742
68.694015,43,9.334678
59.19176,42,9.365596
101.079402,63,9.41646
113.353021,66,9.467324
114.982786,61,9.514199
6.300358,14,9.524171
105.754677,67,9.577002
7.47655,31,9.602933
10.003986,17,9.617892
123.624043,85,9.684266
127.779198,77,9.743792
8.732069,12,9.752767
6.886245,10,9.760746
153.946603,95,9.835168
11.758965,17,9.848162
13.049257,27,9.870113
20.72098,21,9.886067
128.811291,73,9.941915
79.126104,52,9.98787
103.331416,61,10.03577
5.528978,13,10.045741
115.567931,63,10.094611
85.528499,59,11.128581
12.557103,23,11.147529
12.035244,15,11.160495
132.574528,69,11.231305
110.963401,97,11.311092
60.89657,37,11.341027
14.884866,19,11.355987
72.371592,50,11.394905
66.270004,41,11.426797
18.390888,39,11.458712
141.370823,91,11.529574
62.713777,39,11.560491
9.902152,19,11.575455
92.593004,51,11.615318
84.035136,51,11.655211
82.379673,55,11.697154
14.361813,15,11.709126
19.195432,27,11.731067
123.213524,65,11.782468
53.766805,44,11.817401
80.040424,47,11.8574
120.844558,65,11.909355
101.341962,56,11.952236
117.355949,85,12.018494
105.244896,61,12.072854
15.153686,16,12.085793
125.636107,67,12.137682
210.671058,105,12.220054
98.592182,56,12.262944
88.323771,56,12.306362
14.917739,28,12.328305
146.284938,77,12.387149
69.669613,42,12.41909
177.178315,113,12.506855
120.312877,63,12.556722
6.386733,9,12.562713
178.859703,82,12.625538
113.469923,70,12.679394
78.833634,46,12.715052
71.285103,48,13.724597
144.575811,75,13.785463
93.051742,55,13.83137
50.440221,32,13.857273
62.102741,38,13.887192
123.737936,67,13.947003
109.358615,62,13.993907
130.781932,70,14.047796
138.140812,69,14.101661
90.463469,52,14.141517
72.317724,42,14.17346
156.407546,93,14.245862
141.883556,87,14.314286
63.094881,43,14.350217
102.079689,60,14.400056
140.652511,75,14.459954
104.656044,59,14.50683
157.500029,120,14.60061
81.68301,48,14.637509
88.563525,56,14.682052
90.225271,52,14.721625
85.713193,58,14.766505
40.557126,33,14.792436
48.146252,35,14.818397
91.66787,52,14.857293
104.977102,91,14.929784
68.826795,41,14.9607
143.317683,111,15.046472
123.074968,65,15.096337
103.208455,71,15.412702
78.865324,46,15.452013
118.099448,75,15.510854
99.854583,57,15.556733
177.872259,90,16.649111
249.200308,119,16.753154
78.101883,46,16.789718
68.918768,42,16.82263
162.935076,80,16.884495
123.08543,65,16.935734
57.399589,35,16.962662
135.466846,71,17.018515
248.443589,118,17.109269
64.461983,40,17.140187
121.814971,67,17.196219
113.310316,62,17.243124
114.637427,62,17.293988
101.486607,60,17.342365
92.579914,53,17.385251
12.758513,14,17.397218
133.320556,71,17.4521
223.329021,133,17.555823
86.365386,53,17.597715
184.785464,85,17.664534
208.906964,96,17.739256
110.248174,64,17.790271
194.725668,100,17.866063
115.425633,62,17.912938
97.437152,61,17.961248
84.218278,47,17.997154
96.678527,53,18.038043
6.70555,10,18.046028
136.35323,74,18.10287
155.529704,76,18.161712
155.393094,83,18.225181
129.049844,68,19.284573
218.091887,108,19.391288
70.427093,42,19.436169
145.210806,75,19.50505
230.929324,108,19.594837
103.299688,57,19.638722
240.894948,110,19.727375
163.99337,82,19.791196
151.106993,80,19.853538
213.623277,95,19.928399
147.730699,76,19.987249
165.394708,79,20.049146
82.066259,49,20.087039
95.154751,59,20.131926
217.851677,98,20.206941
203.137207,93,20.280774
62.653698,40,20.311697
152.989862,83,20.374523
213.17202,95,20.451324
142.659088,75,20.511163
98.695754,55,20.55411
193.809417,88,20.622926
201.835911,93,20.697305
237.073728,112,20.78507
65.547907,39,20.815017
193.103464,87,20.882835
237.569771,105,22.020422
144.637175,81,22.091233
211.707896,108,22.179564
200.399106,98,22.255398
150.149246,74,22.313797
163.154674,76,22.372674
64.535288,39,22.403587
284.069692,132,22.508416
174.410767,84,22.573275
241.69789,106,22.657051
99.637666,60,22.703089
102.086969,56,22.746035
60.187013,37,22.775157
199.938073,93,22.846974
194.795202,88,22.91678
213.855026,94,22.990207
109.209368,59,23.036087
202.841269,97,23.113928
201.002658,93,23.185357
206.159534,107,23.266143
237.460957,104,23.348922
225.305811,101,23.42768
71.00534,42,23.46062
215.211682,96,23.537387
156.38368,77,24.63482
236.871679,119,24.745378
233.686171,102,24.82917
128.563545,70,24.883054
210.502549,94,24.956402
222.681495,105,25.037387
212.332881,92,25.108761
245.933667,108,25.198796
209.490941,95,25.276616
241.439346,114,25.364415
229.545772,104,25.446192
234.443758,101,25.526983
56.475367,35,25.553938
213.707087,97,25.631707
226.04026,103,25.716611
213.312714,95,25.7954
156.410942,74,25.861256
209.914589,94,25.934059
190.856592,97,26.010527
61.877693,37,26.043803
189.762596,89,26.112976
205.265418,92,26.183948
224.952695,100,27.268265
190.304298,90,27.349047
231.859413,106,27.433862
96.124654,57,27.483728
214.016785,97,27.559559
206.508725,92,27.632386
225.40517,102,27.711368
217.013376,97,27.788824
207.605814,92,27.859641
220.249207,98,27.937529
201.649131,92,28.008339
210.051356,95,28.084628
203.363055,90,28.155467
217.142542,97,28.230849
198.791549,91,28.301718
213.44567,94,28.375522
203.627531,90,28.445335
212.586518,96,28.801575
216.434212,94,28.877587
199.492465,88,28.945899
206.474054,94,29.019074
195.726725,96,29.092997
214.634038,99,30.185883
210.984418,94,30.267684
222.346077,99,30.357015
199.975167,90,30.428853
227.544921,103,30.510635
242.015163,113,30.5984
230.671123,102,30.676729
219.374031,96,30.753505
225.711344,101,30.831297
201.361787,90,30.901142
213.824884,94,30.97395
208.105488,96,31.04875
217.32801,99,31.127745
211.198696,100,31.203826
206.867975,93,31.280593
208.245099,92,31.351432
211.311717,95,31.430221
217.237444,96,31.506019
206.816466,94,31.579931
220.924462,98,31.653732
205.103102,93,31.726807
225.524199,101,32.820759
212.151638,99,32.912135
167.730573,81,32.979953
218.332595,96,33.055751
222.159985,99,33.132903
225.919752,102,33.216262
210.131175,96,33.291092
199.700415,89,33.359907
207.114624,97,33.44166
217.480273,98,33.521446
235.375989,106,33.614229
212.770959,95,33.689025
214.209384,96,33.763697
233.989985,103,33.845466
227.744719,102,33.925252
235.458292,106,34.00803
214.366926,97,34.082831
278.872241,118,34.177247
232.35371,102,34.258814
233.152883,103,34.338264
234.256016,105,34.419017
243.446407,106,35.50641
227.641006,101,35.60415
239.093248,106,35.6945
246.826882,106,35.77585
231.173321,104,35.859626
234.165868,104,35.941471
217.722884,96,36.021224
227.598688,102,36.102037
288.156316,123,36.198059
260.211902,116,36.289116
231.523677,106,36.371895
233.726754,108,36.456399
228.64538,103,36.542166
225.807762,100,36.619524
224.615553,101,36.697968
232.793651,103,36.777464
174.879035,82,36.841324
223.268276,97,36.91712
231.887707,100,36.994975
217.271482,99,37.069775
220.517046,98,38.115565
244.567924,107,38.217865
243.289433,113,38.315217
264.702491,116,38.406536
252.353263,108,38.490274
278.389323,135,38.594994
216.434368,98,38.670822
230.822554,103,38.749213
295.243372,126,38.846069
273.376719,116,38.93486
227.630208,108,39.020684
225.528437,102,39.098447
236.020082,107,39.183103
216.313851,97,39.257372
227.953807,102,39.336064
244.265691,107,39.418843
233.070348,105,39.506225
220.27038,100,39.58504
240.900455,105,39.667031
230.622929,102,40.805267
238.194306,108,40.896993
230.678578,103,40.9798
253.366875,108,41.064606
261.97994,114,41.152384
231.606704,106,41.237551
237.577408,104,41.32335
285.117857,121,41.418097
222.404434,102,41.502842
220.249724,98,41.580675
271.927298,114,41.668429
262.18193,116,41.763352
248.533606,108,42.179275
294.977511,120,42.276847
251.33403,107,42.360652
231.707293,103,42.440438
255.459969,110,42.526269
267.054544,116,42.617026
227.705388,99,42.694819
258.64743,110,43.739362
242.190737,106,43.824135
258.344204,111,43.912899
258.113739,108,43.996704
242.954874,109,44.080504
228.451156,104,44.159318
290.783853,123,44.254098
270.983525,116,44.344496
253.927128,111,44.429832
232.961079,105,44.513639
253.817144,112,44.600405
266.229282,114,44.695419
271.499953,115,44.784288
300.68117,121,44.878037
266.255085,113,44.964839
285.263876,120,45.056664
252.191312,109,45.14047
276.203413,117,45.233144
293.16094,122,46.350882
288.567355,121,46.459591
278.579328,117,46.550386
283.300107,119,46.64516
297.009614,132,46.750551
287.107301,123,46.84594
280.858131,120,46.939689
223.311863,104,47.0205
301.125483,129,47.120336
290.474668,119,47.211081
269.295853,113,47.299845
256.838649,111,47.385644
267.458803,116,47.47544
237.082887,104,47.559182
249.42386,109,47.643984
245.512972,107,47.727394
257.835753,112,47.814856
289.388152,119,48.884918
334.356178,133,48.995638
291.399623,117,49.088397
329.469745,132,49.193205
292.665071,125,49.298992
289.415042,121,49.394742
283.723926,121,49.49544
315.158744,128,49.596168
317.729877,131,49.698448
284.196216,119,49.792832
312.870222,128,49.889573
271.716148,121,49.984326
295.016734,121,50.07907
298.812176,127,50.175838
311.414763,128,50.27773
308.99525,136,50.38245
313.339035,134,50.490169
348.187481,134,51.67119
282.133849,118,51.779253
269.097842,114,51.867046
317.921813,132,51.969805
284.220353,119,52.063582
270.495363,116,52.15437
322.531621,128,52.253887
313.989548,131,52.355615
312.345144,127,52.453384
308.32825,131,52.554665
303.518113,123,52.653401
300.550096,121,52.753319
329.55621,131,52.866981
307.368526,129,52.966817
312.426885,125,53.062561
337.792937,133,53.165891
298.360733,124,54.262814
322.904418,133,54.382206
265.60952,113,54.472006
330.267688,129,54.580717
289.40128,119,54.675471
335.62705,135,54.780302
338.372649,136,54.88605
287.404965,120,54.978832
321.979393,129,55.078596
350.343414,137,55.571501
305.691703,127,55.671265
313.124366,133,55.776987
320.155298,131,55.879989
325.242341,128,55.979751
298.699252,124,56.075635
306.106028,127,56.172818
341.972504,131,57.250862
312.323784,125,57.374284
316.28415,129,57.475045
319.358757,133,57.578803
328.30342,132,57.678535
349.427037,139,57.790211
316.935494,127,57.888911
322.026772,133,57.994658
335.759704,132,58.095457
346.710464,136,58.199732
340.131063,136,58.305046
320.28292,128,58.404809
316.819043,130,58.505713
345.088445,134,58.609144
338.477244,137,58.712558
359.876501,142,59.839498
324.509012,130,59.943221
338.313691,139,60.056988
335.575456,138,60.166699
366.131834,141,60.276502
342.240684,134,60.381323
326.571845,133,60.484051
327.627889,134,60.58781
309.495237,129,60.686545
337.027166,141,60.796334
344.786403,141,60.906864
367.872059,147,61.025577
338.504328,137,61.135515
343.003068,136,61.241193
329.82663,130,61.347925
377.097812,145,62.489339
340.987105,136,62.606531
305.501965,128,62.714887
318.640168,130,62.815242
323.600375,132,62.918968
349.4254,140,63.024817
331.272981,136,63.128544
354.869943,136,63.232258
337.734245,142,63.342962
361.579683,146,63.457822
333.358438,130,63.564536
289.017908,123,63.661838
314.161541,130,63.766237
341.343441,138,63.872952
321.040483,132,63.975675
348.90221,139,64.083385
350.114654,137,65.202736
345.631073,137,65.332979
337.905531,139,65.443837
345.873033,140,65.552578
354.405287,145,65.66733
333.872978,142,65.784844
340.727586,141,65.897544
344.389264,133,66.002305
375.122416,143,66.118054
360.020954,139,66.233865
341.956764,138,66.347532
356.686756,141,66.459672
361.069949,147,66.578383
360.095804,145,66.695071
392.979063,151,67.844553
333.435238,139,67.965259
374.489138,153,68.1119
367.496181,147,68.226215
350.348805,140,68.333919
380.259463,148,68.451769
377.252585,148,69.009979
353.591338,141,69.120683
376.26845,147,69.238105
359.445262,144,69.349444
371.778431,148,69.465068
353.573214,138,69.573835
383.465159,148,69.688141
378.131884,147,69.810424
