#{"t_start": 1789799363.266284, "env_id": "Walker2d-v5"}
r,l,t
254.797649,174,17.176056
257.750476,176,17.278361
254.20956,173,17.3772
252.826777,172,17.48127
258.156549,176,17.582001
276.168386,152,30.813686
280.324208,156,30.902015
277.14934,154,30.988812
275.510241,152,31.07661
279.938129,157,31.164371
278.725906,150,44.398474
286.931216,156,44.48482
280.004201,150,44.570621
283.215289,152,44.657417
289.841152,158,44.747561
339.569168,173,57.953966
332.987347,167,58.048741
338.665592,172,58.151496
342.973831,175,58.249797
336.463495,171,58.344108
361.104348,188,71.546046
352.049931,181,71.647804
354.24769,183,71.751554
353.014157,182,71.861292
357.955464,185,71.97945
2,19,5.291395
4.940901,21,5.308349
-2.977844,11,5.317356
0.290619,13,5.327298
-3.55569,13,5.338133
-2.850188,10,5.346308
-0.528754,13,5.356282
4.620543,35,5.384239
1.106331,12,5.394192
-2.875898,10,5.401191
-6.307249,15,5.413159
0.634537,19,5.428118
-7.509329,19,5.443077
2.764208,19,5.45801
4.546566,15,5.470006
6.699931,30,5.493941
4.020473,17,5.507906
3.235641,19,5.522864
-5.799481,26,5.543781
6.550754,24,5.562863
11.773022,31,5.58777
3.18576,25,5.608741
-4.040621,26,5.630682
-1.387363,16,5.643647
-2.103368,10,5.650628
-0.746005,12,5.660603
-3.202898,21,5.677528
1.05173,19,5.693514
-0.936616,16,5.70748
-1.983053,14,5.718449
-5.763314,25,5.738426
-0.38775,28,5.760366
-1.35963,16,5.772501
-0.460689,12,5.782474
3.048148,21,5.798433
-1.148714,17,5.813391
-2.596361,17,5.833338
-1.935589,11,5.842317
-2.101538,15,5.854255
2.078251,29,5.877222
11.569084,38,5.908112
-3.985777,14,5.920106
1.324112,25,5.940024
-5.571829,12,5.949
8.609054,47,5.984905
2.206853,32,6.010835
-2.639922,14,6.021806
-7.567348,19,6.036766
-9.720205,24,6.054745
7.095289,32,6.079712
-1.95052,10,6.087689
1.299403,19,6.102648
2.819781,33,6.130576
-0.827709,13,6.141546
-3.443854,9,6.148499
-3.369999,18,6.163457
0.45165,20,6.179443
1.20313,13,6.189416
7.345198,23,6.208365
1.266947,26,6.228312
-8.491037,23,6.245943
0.482673,15,6.257909
3.883263,23,6.275861
14.406685,33,6.301793
-1.958164,11,6.310766
-1.024778,12,6.319746
-4.905884,9,6.327721
-6.245758,15,6.33969
-5.648228,10,6.347669
1.023148,17,6.360956
2.913495,15,6.372953
-3.693856,14,6.383896
1.854507,15,6.395864
-5.575567,12,6.405838
-0.102284,11,6.414842
-5.838608,21,6.431798
-3.383109,13,6.441769
-5.342274,10,6.449719
-3.806916,29,6.471689
2.0492,17,6.485623
2.774181,13,6.495596
22.496722,42,7.65378
-0.447073,17,7.667742
-0.646943,22,7.685695
1.690155,12,7.694672
-5.316947,19,7.713619
2.342787,14,7.727582
-0.221135,15,7.741544
2.861088,21,7.758499
4.127888,28,7.783439
-6.680805,36,7.813361
6.211513,32,7.839313
18.419579,47,7.876221
3.3893,19,7.890186
-3.619619,23,7.908107
4.450978,18,7.922099
-3.772531,22,7.939024
5.927993,21,7.956007
-2.370336,24,7.974928
0.180845,16,7.987921
8.813084,54,8.028784
-5.585739,14,8.039754
-1.653025,14,8.05076
-7.395116,12,8.060734
-10.314694,18,8.074696
-8.096381,12,8.083672
-0.131367,30,8.107609
-2.68831,29,8.134564
-3.185617,12,8.143513
-1.349204,25,8.16346
7.877036,23,8.182408
2.635724,16,8.194404
2.320964,33,8.220335
6.273194,24,8.239284
-3.550059,12,8.250861
-2.47766,13,8.262801
8.303825,25,8.282749
4.570724,16,8.295748
0.352666,17,8.309325
-2.913616,12,8.319296
-2.163851,11,8.3283
-1.806449,10,8.336279
5.895598,17,8.349218
1.763892,14,8.360216
7.218273,50,8.400158
5.326231,17,8.413139
67.895472,91,8.483925
4.492568,21,8.499911
-2.758988,12,8.508858
4.124023,24,8.527839
10.4021,30,8.551744
-2.74258,20,8.566733
-2.611005,14,8.578556
2.369422,19,8.592491
4.435841,29,8.615458
4.785795,25,8.635404
-8.738207,21,8.651368
0.671118,41,8.683248
11.757318,24,8.7012
-8.84431,20,8.717196
-4.82499,21,8.733114
10.818289,27,8.755056
4.873229,17,8.768647
-0.235565,17,8.781609
0.042403,14,8.792607
6.058821,38,8.822499
-1.777239,14,8.83347
7.637202,25,8.852419
-0.004327,13,8.863418
1.273562,33,8.888351
-1.227003,17,8.902315
1.536788,18,8.916249
1.953909,13,8.926222
7.873756,27,8.948164
-5.016579,11,8.957161
15.620922,52,8.997082
7.142724,19,9.012016
0.975173,20,9.028
-2.46142,11,9.035995
-4.986162,13,9.046949
8.413648,37,9.082884
-0.126164,20,9.098843
0.173975,19,9.114831
-4.893006,14,9.125775
0.78882,19,9.140733
12.640766,31,9.164693
9.713424,37,9.192967
-2.263353,20,9.207954
8.742737,27,9.229897
-3.502718,15,9.240551
-11.928758,19,9.254949
-0.802575,25,10.309506
2.912745,15,10.321476
2.615585,24,10.344414
-3.280212,24,10.363391
5.389532,23,10.382341
7.463096,31,10.408171
-3.01395,14,10.422134
14.168934,45,10.465019
5.69709,24,10.484998
-0.81749,13,10.498929
6.759035,51,10.539848
3.134214,26,10.560822
19.031681,44,10.594703
-3.503065,15,10.606671
-2.096257,16,10.619636
9.346643,48,10.657535
5.424064,24,10.676484
2.012251,13,10.686457
6.896299,22,10.704228
-3.696159,17,10.717194
-4.530276,14,10.728164
25.808993,63,10.776758
8.714777,30,10.800694
0.587111,14,10.811665
4.60486,29,10.833607
0.943752,30,10.857414
16.535641,32,10.882347
-0.778602,16,10.895312
-2.728942,11,10.904288
12.35686,33,10.931216
6.651464,19,10.947174
-1.906479,18,10.961175
4.163696,22,10.978091
-1.766386,10,10.98607
5.620504,28,11.008011
13.636981,39,11.038929
7.261815,23,11.05688
-7.038581,20,11.072733
1.901036,25,11.091682
1.076099,15,11.10365
4.797753,18,11.11861
42.484168,58,11.166482
9.719626,24,11.185431
0.072499,17,11.199394
7.978624,34,11.22587
-8.463752,15,11.237752
-2.500774,26,11.262729
2.939758,19,11.277689
1.088456,17,11.290654
20.07262,41,11.328553
16.222176,51,11.368446
-2.320671,9,11.375427
-0.396088,12,11.385401
3.98521,15,11.396371
25.136559,53,11.454515
10.302232,41,11.48643
0.815512,14,11.498398
3.582922,18,11.512361
17.045638,31,11.536297
-5.41715,17,11.549262
6.965137,27,11.570206
25.401183,37,11.599128
0.751485,18,11.612825
16.288339,32,11.637758
7.738691,27,11.6597
3.920147,20,11.675657
-5.59587,10,11.683636
19.637396,46,11.71954
4.075701,20,11.735497
-0.614331,11,11.744473
29.510727,52,11.786001
-1.66292,30,11.80894
1.15874,25,11.827889
6.496539,33,11.85382
9.953683,38,11.883739
11.546753,23,11.901691
1.47026,13,11.912277
2.554554,20,11.927237
-4.51886,16,11.940202
1.702108,20,11.957157
-4.039826,24,12.971814
45.435208,61,13.032651
36.971403,50,13.081521
9.54151,27,13.103461
19.001769,86,13.176278
12.188197,60,13.223153
10.013705,40,13.255642
22.28357,41,13.287557
2.486804,13,13.298562
13.710903,33,13.324659
15.099305,38,13.354581
14.76537,38,13.384471
32.365274,57,13.429563
4.804487,15,13.441532
29.850294,78,13.502369
41.14395,107,13.585148
-0.193662,15,13.597115
8.142604,25,13.617062
2.807578,21,13.633019
14.320495,31,13.656955
30.647574,43,13.690865
45.636017,62,13.739734
114.399292,114,13.829043
30.705345,65,13.879827
1.49876,16,13.891794
23.673015,70,13.947645
9.125626,23,13.965597
74.719657,104,14.046936
74.230462,87,14.113757
7.57329,18,14.127719
24.420522,48,14.165618
17.331885,33,14.191549
33.775648,73,14.247402
28.560277,67,14.300261
-1.924184,11,14.30824
37.719743,59,14.355114
36.466752,66,14.405546
43.238914,63,14.457867
20.184221,51,14.506735
11.441925,38,14.539648
14.031847,55,14.597496
8.353493,35,14.635393
10.549905,26,15.666964
-1.50605,13,15.678933
90.768515,120,15.780222
12.759871,30,15.804159
2.061903,16,15.819118
14.67615,43,15.854054
14.308532,38,15.884943
21.117363,55,15.927892
36.136657,41,15.959806
79.770078,87,16.030615
25.85887,49,16.068516
6.076005,30,16.09245
-0.817913,14,16.103393
4.232098,16,16.115361
-4.351037,165,16.245207
24.66198,87,16.315019
8.610219,34,16.341948
29.691233,137,16.447971
25.534362,76,16.507813
26.53211,41,16.539728
39.590505,94,16.613528
62.132953,96,16.688434
-30.140336,114,16.782453
59.662703,104,16.863266
6.835085,42,16.896176
34.924912,48,16.934047
44.278018,106,17.018414
10.577066,26,17.039358
3.379757,26,17.059336
2.590575,14,17.070339
214.470291,172,17.790267
21.899882,45,17.831157
103.332288,256,19.040594
86.843237,121,19.138346
15.097296,99,19.217141
22.011587,77,19.278672
105.925786,122,19.373446
152.809931,103,19.45381
30.257319,100,19.532166
128.507824,270,19.755718
50.013702,118,19.848094
15.058899,57,19.892005
19.845087,48,19.929903
27.853482,68,19.981764
-2.446588,10,19.989743
21.750085,34,20.016644
132.70943,108,20.102441
209.39796,151,20.217134
-0.658834,120,20.310506
53.760339,75,20.369345
22.394443,42,20.40223
88.689377,116,21.526106
57.977269,120,21.633817
82.457479,83,21.704134
17.363132,133,21.813395
14.163499,34,21.839326
179.235011,142,21.948031
124.061207,115,22.037794
50.31197,78,22.098629
23.760901,122,22.191952
121.562551,167,22.321178
10.712387,155,22.443877
38.953323,87,22.512009
42.69622,64,22.562845
111.307509,96,22.636678
208.212079,186,22.785061
337.894596,517,24.225636
56.558242,165,24.372018
1.935265,22,24.389028
407.81807,405,24.703942
182.385915,116,24.79712
266.196232,217,24.9676
44.142365,99,25.044394
207.301065,223,25.217983
129.138453,130,25.31956
241.936871,168,25.451239
28.036061,83,25.522493
217.607988,196,25.677107
182.557052,156,25.799359
91.624869,110,26.891164
96.465034,163,27.031821
80.066099,191,27.181982
45.712162,91,27.251472
209.824384,187,27.410043
210.628768,142,27.521847
203.904185,261,27.731992
176.37445,148,27.849681
183.063789,191,27.999339
54.556633,62,28.048242
2.899004,23,28.066222
75.906623,171,28.199866
216.488022,154,28.319146
83.198386,72,28.374654
95.610604,160,29.540287
249.253754,212,29.720778
103.729466,200,29.8791
64.004662,116,29.967861
223.903358,154,30.091038
145.329304,228,30.268302
154.094382,178,30.404968
82.453884,115,30.493758
257.565032,135,30.606537
256.520584,169,31.193298
187.47205,122,31.290045
55.499601,91,31.365839
307.12971,196,31.51754
299.393516,168,32.699738
168.647806,264,32.921519
104.593687,306,33.168342
275.383302,173,33.303711
288.164506,172,33.437984
384.927611,236,33.624846
258.91718,189,33.781424
195.053719,150,33.899138
248.676816,164,34.027501
90.572018,163,34.156157
285.127609,182,35.337516
96.255908,228,35.520059
377.981945,219,35.693039
328.926655,201,35.849192
413.419278,276,36.076591
290.748024,163,36.203811
272.283189,169,36.334203
299.722901,176,36.46984
223.153789,133,36.575552
241.648222,409,36.919469
291.40575,159,38.095305
238.870929,137,38.210002
52.451355,159,38.334615
338.316775,233,38.514162
187.80175,116,38.602958
316.936154,334,38.869364
22.614184,140,38.978074
245.757895,160,39.102953
361.173126,221,39.277688
111.521318,163,39.406105
241.32571,147,39.522496
197.725127,361,40.828334
304.160232,165,40.958079
267.131076,149,41.075764
301.954989,169,41.210435
284.748169,220,41.381531
612.054857,484,41.764482
233.446603,332,42.04031
336.065269,229,42.221825
194.083246,135,43.32562
337.362079,217,43.511187
358.562005,400,43.830055
306.8012,169,43.963698
203.498009,112,44.054486
265.541472,164,44.187161
460.637095,337,44.912084
280.827029,181,45.054833
350.528686,229,45.234741
223.081294,127,45.341563
432.273479,331,46.594798
357.687239,233,46.790548
269.237305,167,46.928349
338.063707,189,47.079178
264.06786,149,47.196866
235.896416,143,47.312824
298.034158,403,47.640984
536.598614,373,47.963238
859.135553,759,49.584643
250.996392,144,49.699329
277.194154,171,49.83437
238.088284,142,49.945609
373.048463,237,50.139124
338.431017,256,50.347206
368.800251,256,50.548325
57.961383,162,51.672365
360.057044,245,51.87871
99.081111,168,52.013357
259.698212,141,52.126193
1103.774493,983,52.914794
340.484709,206,53.07596
228.827847,153,53.193645
221.792697,131,53.296119
345.893196,199,54.498209
270.179324,164,54.628396
259.679406,133,54.730154
368.036661,222,54.90272
157.128565,91,54.974558
227.568329,139,55.084325
374.203106,247,55.281679
136.674081,222,55.460315
322.770701,193,55.614944
293.894047,168,55.74665
276.629889,150,55.863075
601.176292,503,57.297745
284.954935,166,57.426431
309.030064,170,57.559105
248.567834,131,57.660863
326.001371,210,57.827768
170.819958,96,58.410931
297.606868,180,58.553077
294.677366,193,58.707863
229.91432,133,58.810724
189.754721,109,58.895455
294.312608,156,59.018131
294.00933,168,60.18054
210.155983,110,60.273909
213.827351,101,60.355701
273.938931,145,60.470396
198.61388,101,60.55124
262.54599,152,60.669923
207.912545,129,60.768723
339.209304,192,60.926969
329.966924,202,61.08358
206.011756,104,61.162187
255.54628,158,61.286468
335.994373,197,61.442115
333.160027,181,61.583768
185.395507,99,61.660561
242.395558,130,61.760358
223.159195,127,62.896713
278.95941,152,63.030178
109.013057,198,63.185869
330.127229,221,63.359207
279.983698,157,63.483441
263.760787,150,63.602154
342.900502,186,63.750798
292.945735,166,63.884374
254.560487,131,63.989128
343.697542,218,64.161726
282.07167,163,64.295001
212.053828,125,64.393991
384.836059,229,65.603314
278.19669,143,65.723068
509.180209,390,66.032634
271.813475,157,66.161669
241.560513,133,66.270022
370.929025,240,66.456627
367.126477,494,66.851725
390.089642,237,67.041185
253.807444,139,68.131678
287.671199,174,68.284904
209.632558,113,68.376306
295.418254,182,68.517931
323.254959,183,68.662601
349.409612,209,68.857698
314.481808,177,69.012505
393.443999,272,69.231974
233.87679,106,69.313787
317.049832,170,69.446651
395.268388,224,69.627199
384.875021,212,70.774462
261.909718,144,70.893143
263.0353,134,71.003173
382.979484,217,71.173292
571.335008,396,72.054223
261.388844,141,72.169245
266.464537,155,72.290625
317.724195,161,72.42126
374.884784,227,72.601867
306.043943,175,72.739501
290.673051,151,72.858244
